Content_Type,Views,Engagement_Rate,Post_Count
Live Stream,2481009.0081871343,61.87676879419114,855
Post,2474337.3165298947,49.806573983448295,853
Reel,2533268.681331748,48.75313938601649,841
Tweet,2500386.927033493,52.06912449350316,836
Video,2489008.8647342995,48.82065384494884,828
Shorts,2486350.717916137,80.62888445309011,787
