Engagement_Level,Views,Engagement_Rate,Post_Count
Low,2507028.230190862,54.10330467625896,1729
High,2447070.5989240883,64.58185241258154,1673
Medium,2529243.6157697123,51.44505870076485,1598
