Region,Views,Engagement_Rate,Post_Count
USA,2595201.977843427,91.08110489649343,677
Canada,2443445.261398176,54.87211840740009,658
UK,2502360.9319938174,53.88608080943077,647
Brazil,2557725.7831513262,53.364410540358634,641
India,2452791.382495948,50.04904313731554,617
Australia,2428899.4136212626,55.564057865615275,602
Japan,2415867.0945945946,55.05322323775514,592
Germany,2546467.6660777386,35.4050931107436,566
